Workbook

Sheet SET-25
A1: ³PF/UF/CRM | B1: NOME DO MEDICO E | C1: FETU 25 | D1: APROV | E1: REJEI | F1: VL.REJ.VENDA | G1: VL.REJ.CUSTO | H1: INDICE³ | I1: 2026 | J1: DIFER | K1: %
A2: CRM-BA-808080 | B2: SOLICITACAO SEM PRESCRIT | C2: 413 | D2: 179 | E2: 234 | F2: 41312.3 | G2: 6525.27 | H2: 0.5666 | I2: =VLOOKUP(B2,'SET-26'!B$2:H$174,2,FALSE) -> 179 | J2: =I2-C2 -> -234 | K2: =J2/C2 -> -0.56658596 | L2: disconsdera | O2: ITEM | P2: 45901 | Q2: 46266 | R2: DIF
A3: CRM-BA-32587 | B3: BRENO SOUZA SILVA | C3: 219 | D3: 121 | E3: 98 | F3: 43816.95 | G3: 8349.52 | H3: 0.4475 | I3: =VLOOKUP(B3,'SET-26'!B$2:H$174,2,FALSE) -> 147 | J3: =I3-C3 -> -72 | K3: =J3/C3 -> -0.32876712 | O3: MAIS QUE 10 | P3: 37 | Q3: 23 | R3: =P3-Q3 -> 14 | S3: =R3/P3 -> 0.37837838
A4: CRM-BA-17611 | B4: NILZA SANTIAGO GRANATO | C4: 218 | D4: 142 | E4: 76 | F4: 13185.4 | G4: 2155.45 | H4: 0.3486 | I4: =VLOOKUP(B4,'SET-26'!B$2:H$174,2,FALSE) -> 116 | J4: =I4-C4 -> -102 | K4: =J4/C4 -> -0.46788991 | O4: TOTAL ORC | P4: =2407-66 -> 2341 | Q4: 1786 | R4: =P4-Q4 -> 555 | S4: =R4/P4 -> 0.23707817
A5: CRM-BA-22820 | B5: LORENA DE LIMA ABUDE SIL | C5: 171 | D5: 124 | E5: 47 | F5: 9037 | G5: 1397.63 | H5: 0.2749 | I5: =VLOOKUP(B5,'SET-26'!B$2:H$174,2,FALSE) -> 141 | J5: =I5-C5 -> -30 | K5: =J5/C5 -> -0.1754386 | O5: CONV | P5: 0.57 | Q5: 0.5 | R5: =P5-Q5 -> 0.07
A6: CRN-BA-10686 | B6: JOSE LUIZ CARDOSO ROCHA | C6: 105 | D6: 72 | E6: 33 | F6: 5054 | G6: 838.16 | H6: 0.3143 | I6: =VLOOKUP(B6,'SET-26'!B$2:H$174,2,FALSE) -> 76 | J6: =I6-C6 -> -29 | K6: =J6/C6 -> -0.27619048 | O6: TOTA MED | P6: 173 | Q6: 173 | R6: OK
A7: CRN-BA-8266 | B7: JONATAS RODRIGUES DE SAN | C7: 102 | D7: 79 | E7: 23 | F7: 6863.5 | G7: 1164.48 | H7: 0.2255 | I7: =VLOOKUP(B7,'SET-26'!B$2:H$174,2,FALSE) -> 58 | J7: =I7-C7 -> -44 | K7: =J7/C7 -> -0.43137255 | O7: MED 100% REJ | P7: 96 | Q7: 108 | R7: =Q7-P7 -> 12 | S7: =R7/P7 -> 0.125
A8: CRM-BA-13956 | B8: RENATA SANTANA ALBANO OL | C8: 71 | D8: 45 | E8: 26 | F8: 4350.5 | G8: 737.87 | H8: 0.3662 | I8: =VLOOKUP(B8,'SET-26'!B$2:H$174,2,FALSE) -> 50 | J8: =I8-C8 -> -21 | K8: =J8/C8 -> -0.29577465
A9: CRM-BA-11546 | B9: SIMONE DANTAS REBOUCAS | C9: 71 | D9: 51 | E9: 20 | F9: 2143.4 | G9: 250.76 | H9: 0.2817 | I9: =VLOOKUP(B9,'SET-26'!B$2:H$174,2,FALSE) -> 12 | J9: =I9-C9 -> -59 | K9: =J9/C9 -> -0.83098592
A10: CRM-BA-28850 | B10: ALLYSON AMARAL | C10: 55 | D10: 33 | E10: 22 | F10: 8663.5 | G10: 1831.15 | H10: 0.4 | I10: =VLOOKUP(B10,'SET-26'!B$2:H$174,2,FALSE) -> 67 | J10: =I10-C10 -> 12 | K10: =J10/C10 -> 0.21818182
A11: CRM-BA-28008 | B11: RAISA MENDEZ DE ARAUJO | C11: 53 | D11: 44 | E11: 9 | F11: 1285 | G11: 231.77 | H11: 0.1698 | I11: =VLOOKUP(B11,'SET-26'!B$2:H$174,2,FALSE) -> 47 | J11: =I11-C11 -> -6 | K11: =J11/C11 -> -0.11320755
A12: CRN-BA-7913 | B12: DIEGO DE JESUS MAURICIO | C12: 41 | D12: 26 | E12: 15 | F12: 6904 | G12: 1701.16 | H12: 0.3659 | I12: =VLOOKUP(B12,'SET-26'!B$2:H$174,2,FALSE) -> 6 | J12: =I12-C12 -> -35 | K12: =J12/C12 -> -0.85365854 | L12: xxxx
A13: CRM-BA-27714 | B13: PAULO OLIVEIRA SANTANA F | C13: 37 | D13: 30 | E13: 7 | F13: 1386.3 | G13: 228.68 | H13: 0.1892 | I13: =VLOOKUP(B13,'SET-26'!B$2:H$174,2,FALSE) -> 23 | J13: =I13-C13 -> -14 | K13: =J13/C13 -> -0.37837838 | L13: xxxx
A14: CRM-BA-24876 | B14: NEY FILHO | C14: 33 | D14: 25 | E14: 8 | F14: 1435.5 | G14: 284.26 | H14: 0.2424 | I14: =VLOOKUP(B14,'SET-26'!B$2:H$174,2,FALSE) -> 9 | J14: =I14-C14 -> -24 | K14: =J14/C14 -> -0.72727273
A15: CRM-BA-19575 | B15: VALTER SILVA CARDOSO FIL | C15: 33 | D15: 11 | E15: 22 | F15: 3368.5 | G15: 440.75 | H15: 0.6667 | I15: =VLOOKUP(B15,'SET-26'!B$2:H$174,2,FALSE) -> 11 | J15: =I15-C15 -> -22 | K15: =J15/C15 -> -0.66666667
A16: CRM-BA-27489 | B16: VICTOR EDUARDO ANDRADE M | C16: 28 | D16: 18 | E16: 10 | F16: 1910.5 | G16: 333.51 | H16: 0.3571 | I16: =VLOOKUP(B16,'SET-26'!B$2:H$174,2,FALSE) -> 19 | J16: =I16-C16 -> -9 | K16: =J16/C16 -> -0.32142857
A17: CRM-BA-14066 | B17: ERICO DA SILVA CARVALHO | C17: 20 | D17: 6 | E17: 14 | F17: 6711.5 | G17: 1275.06 | H17: 0.7 | I17: =VLOOKUP(B17,'SET-26'!B$2:H$174,2,FALSE) -> 6 | J17: =I17-C17 -> -14 | K17: =J17/C17 -> -0.7 | O17: CRN-BA-8262 | P17: NATALIA LIMA AMARAL | Q17: 66 | R17: 57 | S17: 9 | T17: 1323 | U17: 184.4 | V17: 0.1364 | W17: 0 | X17: =W17-Q17 -> -66
A18: CRN-BA-8914 | B18: LUCY GLADS BERNARDES GOU | C18: 18 | D18: 9 | E18: 9 | F18: 2160 | G18: 368.23 | H18: 0.5 | I18: 0 | J18: =I18-C18 -> -18 | K18: =J18/C18 -> -1
A19: CRM-BA-11166 | B19: ADRIANA MATOS BENJAMIN L | C19: 17 | D19: 0 | E19: 17 | F19: 1996 | G19: 248.97 | H19: 1 | I19: 0 | J19: =I19-C19 -> -17 | K19: =J19/C19 -> -1
A20: CRM-SP-225107 | B20: HELLEN GULNOSA | C20: 17 | D20: 10 | E20: 7 | F20: 1807 | G20: 280.15 | H20: 0.4118 | I20: 0 | J20: =I20-C20 -> -17 | K20: =J20/C20 -> -1 | O20: EFETUADOS
A21: CRN-BA-3633 | B21: TATILA DOS SANTOS LIMA | C21: 16 | D21: 7 | E21: 9 | F21: 2516 | G21: 584.22 | H21: 0.5625 | I21: =VLOOKUP(B21,'SET-26'!B$2:H$174,2,FALSE) -> 18 | J21: =I21-C21 -> 2 | K21: =J21/C21 -> 0.125 | O21: =SUM(C2:C176) -> 2341 | P21: =SUM(D2:D176) -> 1228
A22: CRM-BA-7840 | B22: JOSE AMERICO RESENDE JUN | C22: 15 | D22: 9 | E22: 6 | F22: 1327 | G22: 231.79 | H22: 0.4 | I22: 0 | J22: =I22-C22 -> -15 | K22: =J22/C22 -> -1 | P22: =P21/O21 -> 0.52456215
A23: CRN-BA-5453 | B23: ALEXSANDRA ROSA DOS SANT | C23: 14 | D23: 5 | E23: 9 | F23: 1234 | G23: 197.52 | H23: 0.6429 | I23: 0 | J23: =I23-C23 -> -14 | K23: =J23/C23 -> -1
A24: CRM-BA-31481 | B24: JHONATAS MASCARENHAS | C24: 14 | D24: 0 | E24: 14 | F24: 2786 | G24: 539.26 | H24: 1 | I24: 0 | J24: =I24-C24 -> -14 | K24: =J24/C24 -> -1
A25: CRM-BA-45358 | B25: JULIANNE LINO DE MENEZES | C25: 14 | D25: 7 | E25: 7 | F25: 951.5 | G25: 125.35 | H25: 0.5 | I25: =VLOOKUP(B25,'SET-26'!B$2:H$174,2,FALSE) -> 6 | J25: =I25-C25 -> -8 | K25: =J25/C25 -> -0.57142857
A26: CRM-SP-267036 | B26: RAFAEL CUNHA VIVAS | C26: 14 | D26: 8 | E26: 6 | F26: 1868.5 | G26: 300.78 | H26: 0.4286 | I26: =VLOOKUP(B26,'SET-26'!B$2:H$174,2,FALSE) -> 3 | J26: =I26-C26 -> -11 | K26: =J26/C26 -> -0.78571429
A27: CRBM-BA-21255 | B27: BRENDALINE FERREIRA TAVA | C27: 13 | D27: 11 | E27: 2 | F27: 262.5 | G27: 28.26 | H27: 0.1538 | I27: 0 | J27: =I27-C27 -> -13 | K27: =J27/C27 -> -1
A28: CRM-BA-32108 | B28: FELIPE BUTE BONFIM | C28: 13 | D28: 6 | E28: 7 | F28: 861.5 | G28: 122.39 | H28: 0.5385 | I28: =VLOOKUP(B28,'SET-26'!B$2:H$174,2,FALSE) -> 7 | J28: =I28-C28 -> -6 | K28: =J28/C28 -> -0.46153846
A29: CRM-BA-14604 | B29: RODRIGO OLIVEIRA GOMES D | C29: 13 | D29: 5 | E29: 8 | F29: 762.5 | G29: 92.36 | H29: 0.6154 | I29: 0 | J29: =I29-C29 -> -13 | K29: =J29/C29 -> -1
A30: CRM-RS-59528 | B30: VALDEMIR GONZAGA | C30: 13 | D30: 0 | E30: 13 | F30: 1887 | G30: 241.37 | H30: 1 | I30: 0 | J30: =I30-C30 -> -13 | K30: =J30/C30 -> -1
A31: CRM-DF-15741 | B31: BRUNO CESAR PAZ | C31: 11 | D31: 4 | E31: 7 | F31: 596.5 | G31: 54.45 | H31: 0.6364 | I31: 0 | J31: =I31-C31 -> -11 | K31: =J31/C31 -> -1
A32: CRM-BA-17681 | B32: FABIO NUNES LIMA | C32: 11 | D32: 10 | E32: 1 | F32: 80.5 | G32: 4.19 | H32: 0.0909 | I32: 0 | J32: =I32-C32 -> -11 | K32: =J32/C32 -> -1
A33: CRM-BA-46033 | B33: JAQUELINE LEU SANTOS | C33: 11 | D33: 6 | E33: 5 | F33: 773 | G33: 120.43 | H33: 0.4545 | I33: =VLOOKUP(B33,'SET-26'!B$2:H$174,2,FALSE) -> 2 | J33: =I33-C33 -> -9 | K33: =J33/C33 -> -0.81818182
A34: RMS-BA-12847 | B34: MERCIA ROSANA O. LIMA | C34: 11 | D34: 4 | E34: 7 | F34: 616.5 | G34: 71.35 | H34: 0.6364 | I34: 0 | J34: =I34-C34 -> -11 | K34: =J34/C34 -> -1
A35: CRM-BA-27500 | B35: CAMILA PORTO OLIVEIRA | C35: 10 | D35: 1 | E35: 9 | F35: 759 | G35: 105.56 | H35: 0.9 | I35: =VLOOKUP(B35,'SET-26'!B$2:H$174,2,FALSE) -> 28 | J35: =I35-C35 -> 18 | K35: =J35/C35 -> 1.8
A36: CRM-SP-240451 | B36: JULIA SILVESTRINI | C36: 10 | D36: 0 | E36: 10 | F36: 1498.5 | G36: 185.51 | H36: 1 | I36: 0 | J36: =I36-C36 -> -10 | K36: =J36/C36 -> -1
A37: CRM-BA-22798 | B37: JULIANA PACHECO PITANGA | C37: 10 | D37: 8 | E37: 2 | F37: 362 | G37: 51.88 | H37: 0.2 | I37: =VLOOKUP(B37,'SET-26'!B$2:H$174,2,FALSE) -> 8 | J37: =I37-C37 -> -2 | K37: =J37/C37 -> -0.2
A38: CRM-BA-27843 | B38: THAIS PAULA REIS | C38: 10 | D38: 9 | E38: 1 | F38: 61.5 | G38: 7.42 | H38: 0.1 | I38: =VLOOKUP(B38,'SET-26'!B$2:H$174,2,FALSE) -> 3 | J38: =I38-C38 -> -7 | K38: =J38/C38 -> -0.7
A39: CRM-RS-51863 | B39: BRENDON ICARO SILVA DONA | C39: 8 | D39: 0 | E39: 8 | F39: 1979.5 | G39: 306.47 | H39: 1 | I39: 0 | J39: =I39-C39 -> -8 | K39: =J39/C39 -> -1
A40: CRN-BA-16374 | B40: ISABELLE DOS SANTOS COST | C40: 8 | D40: 3 | E40: 5 | F40: 780 | G40: 113.7 | H40: 0.625 | I40: 0 | J40: =I40-C40 -> -8 | K40: =J40/C40 -> -1
A41: CRM-BA-32695 | B41: LUCAS FREITAS DE BRITO | C41: 8 | D41: 2 | E41: 6 | F41: 1035 | G41: 190.78 | H41: 0.75 | I41: 0 | J41: =I41-C41 -> -8 | K41: =J41/C41 -> -1
A42: CRN-BA-7025 | B42: TAMIRIS CAMATA | C42: 8 | D42: 4 | E42: 4 | F42: 645.5 | G42: 87.62 | H42: 0.5 | I42: 0 | J42: =I42-C42 -> -8 | K42: =J42/C42 -> -1
A43: COREN-BA-632294 | B43: VIVIANE REIS | C43: 8 | D43: 5 | E43: 3 | F43: 784 | G43: 101.81 | H43: 0.375 | I43: =VLOOKUP(B43,'SET-26'!B$2:H$174,2,FALSE) -> 2 | J43: =I43-C43 -> -6 | K43: =J43/C43 -> -0.75
A44: CRM-BA-41831 | B44: ARIANNE CRISTINA DE JESU | C44: 7 | D44: 2 | E44: 5 | F44: 1416 | G44: 264.54 | H44: 0.7143 | I44: 0 | J44: =I44-C44 -> -7 | K44: =J44/C44 -> -1
A45: CRM-SP-192928 | B45: BIANCCA CABRAL DE SOUZA | C45: 7 | D45: 0 | E45: 7 | F45: 3113.5 | G45: 701.8 | H45: 1 | I45: 0 | J45: =I45-C45 -> -7 | K45: =J45/C45 -> -1
A46: CRN-BA-23482 | B46: CARLOS ERNANI ANDRADE FI | C46: 7 | D46: 0 | E46: 7 | F46: 450.5 | G46: 24.88 | H46: 1 | I46: =VLOOKUP(B46,'SET-26'!B$2:H$174,2,FALSE) -> 3 | J46: =I46-C46 -> -4 | K46: =J46/C46 -> -0.57142857
A47: CRN-BA-7712 | B47: JENIFFER DANIELLE MACHAD | C47: 7 | D47: 6 | E47: 1 | F47: 179.55 | G47: 70.28 | H47: 0.1429 | I47: 0 | J47: =I47-C47 -> -7 | K47: =J47/C47 -> -1
A48: CRM-RJ-521161350 | B48: JOAO CLAUDIO DE OLIVEIRA | C48: 7 | D48: 0 | E48: 7 | F48: 467 | G48: 31.33 | H48: 1 | I48: 0 | J48: =I48-C48 -> -7 | K48: =J48/C48 -> -1
A49: CRM-BA-5273 | B49: MARIO CHAVES ROCHA | C49: 7 | D49: 6 | E49: 1 | F49: 195 | G49: 32.16 | H49: 0.1429 | I49: =VLOOKUP(B49,'SET-26'!B$2:H$174,2,FALSE) -> 4 | J49: =I49-C49 -> -3 | K49: =J49/C49 -> -0.42857143
A50: CRM-SP-166136 | B50: ROBERTA HORA ROCHA | C50: 7 | D50: 6 | E50: 1 | F50: 186.5 | G50: 20.8 | H50: 0.1429 | I50: 0 | J50: =I50-C50 -> -7 | K50: =J50/C50 -> -1
A51: CRM-BA-26361 | B51: ANDERSON MASCARENHAS MAI | C51: 6 | D51: 5 | E51: 1 | F51: 646 | G51: 114.56 | H51: 0.1667 | I51: 0 | J51: =I51-C51 -> -6 | K51: =J51/C51 -> -1
A52: CRN-BA-7725 | B52: DALILA FERREIRA LIMA SOU | C52: 6 | D52: 0 | E52: 6 | F52: 875.5 | G52: 164.44 | H52: 1 | I52: 0 | J52: =I52-C52 -> -6 | K52: =J52/C52 -> -1
A53: CRN-BA-16100331 | B53: GIOVANNA FRAGA | C53: 6 | D53: 5 | E53: 1 | F53: 199 | G53: 30.01 | H53: 0.1667 | I53: 0 | J53: =I53-C53 -> -6 | K53: =J53/C53 -> -1
A54: CREFITO-BA-173766 | B54: MARCELLA PITOMBO ROCHA | C54: 6 | D54: 0 | E54: 6 | F54: 2110.5 | G54: 369.22 | H54: 1 | I54: =VLOOKUP(B54,'SET-26'!B$2:H$174,2,FALSE) -> 4 | J54: =I54-C54 -> -2 | K54: =J54/C54 -> -0.33333333
A55: CRM-BA-10671 | B55: ROSANA SANTOS ALMEIDA | C55: 6 | D55: 0 | E55: 6 | F55: 1419 | G55: 216.55 | H55: 1 | I55: 0 | J55: =I55-C55 -> -6 | K55: =J55/C55 -> -1
A56: CRN-BA-20261 | B56: ANA PAULA C SCHUTZ | C56: 5 | D56: 4 | E56: 1 | F56: 103.5 | G56: 6.96 | H56: 0.2 | I56: 0 | J56: =I56-C56 -> -5 | K56: =J56/C56 -> -1
A57: CRM-BA-27516 | B57: ARTHUR D FROES | C57: 5 | D57: 1 | E57: 4 | F57: 978 | G57: 173.26 | H57: 0.8 | I57: 0 | J57: =I57-C57 -> -5 | K57: =J57/C57 -> -1
A58: CRN-BA-5624 | B58: CATHARINA CORDEIRO FERNA | C58: 5 | D58: 1 | E58: 4 | F58: 476 | G58: 72.98 | H58: 0.8 | I58: 0 | J58: =I58-C58 -> -5 | K58: =J58/C58 -> -1
A59: CRM-PE-31038 | B59: ICARO PEREIRA FREIRE | C59: 5 | D59: 0 | E59: 5 | F59: 638.5 | G59: 66.53 | H59: 1 | I59: 0 | J59: =I59-C59 -> -5 | K59: =J59/C59 -> -1
A60: CRM-MG-67794 | B60: JESSICA SOUZA MARQUES | C60: 5 | D60: 1 | E60: 4 | F60: 964.5 | G60: 124.28 | H60: 0.8 | I60: 0 | J60: =I60-C60 -> -5 | K60: =J60/C60 -> -1
A61: CRO-BA-14998 | B61: LEVITON FRANCO VELOSO NE | C61: 5 | D61: 0 | E61: 5 | F61: 1494.5 | G61: 373.28 | H61: 1 | I61: =VLOOKUP(B61,'SET-26'!B$2:H$174,2,FALSE) -> 3 | J61: =I61-C61 -> -2 | K61: =J61/C61 -> -0.4
A62: CRM-BA-30369 | B62: VICTOR BARRETO MARQUES | C62: 5 | D62: 4 | E62: 1 | F62: 293 | G62: 61.78 | H62: 0.2 | I62: 0 | J62: =I62-C62 -> -5 | K62: =J62/C62 -> -1
A63: CRM-BA-36246 | B63: BEATRIZ CORDEIRO VIEIRA | C63: 4 | D63: 0 | E63: 4 | F63: 567 | G63: 80.48 | H63: 1 | I63: 0 | J63: =I63-C63 -> -4 | K63: =J63/C63 -> -1
A64: CRN-BA-25055 | B64: CAMILA COSTA GUIMARAES L | C64: 4 | D64: 3 | E64: 1 | F64: 378.5 | G64: 52.48 | H64: 0.25 | I64: =VLOOKUP(B64,'SET-26'!B$2:H$174,2,FALSE) -> 2 | J64: =I64-C64 -> -2 | K64: =J64/C64 -> -0.5
A65: CRN-BA-25934 | B65: FERNANDA PIZZARRO | C65: 4 | D65: 0 | E65: 4 | F65: 620.5 | G65: 139.47 | H65: 1 | I65: 0 | J65: =I65-C65 -> -4 | K65: =J65/C65 -> -1
A66: CRM-BA-11071 | B66: JORGE LUIZ GONCALVES MAT | C66: 4 | D66: 1 | E66: 3 | F66: 346.5 | G66: 18.98 | H66: 0.75 | I66: =VLOOKUP(B66,'SET-26'!B$2:H$174,2,FALSE) -> 1 | J66: =I66-C66 -> -3 | K66: =J66/C66 -> -0.75
A67: CRM-BA-48998 | B67: JULIA CAVALCANTE MOURA | C67: 4 | D67: 2 | E67: 2 | F67: 595.5 | G67: 106.84 | H67: 0.5 | I67: =VLOOKUP(B67,'SET-26'!B$2:H$174,2,FALSE) -> 16 | J67: =I67-C67 -> 12 | K67: =J67/C67 -> 3
A68: CRM-BA-17537 | B68: KATIA PEREIRA SANTOS MEL | C68: 4 | D68: 3 | E68: 1 | F68: 165 | G68: 27.09 | H68: 0.25 | I68: 0 | J68: =I68-C68 -> -4 | K68: =J68/C68 -> -1
A69: CRM-BA-18767 | B69: KELLY MORAIS LIMA NASSRI | C69: 4 | D69: 3 | E69: 1 | F69: 56.5 | G69: 5.34 | H69: 0.25 | I69: =VLOOKUP(B69,'SET-26'!B$2:H$174,2,FALSE) -> 5 | J69: =I69-C69 -> 1 | K69: =J69/C69 -> 0.25
A70: CRM-BA-19076 | B70: MARCUS ANDRE SOUZA CAMPO | C70: 4 | D70: 3 | E70: 1 | F70: 373 | G70: 45.58 | H70: 0.25 | I70: 0 | J70: =I70-C70 -> -4 | K70: =J70/C70 -> -1
A71: CRN-BA-5186 | B71: MARIA TERESA CRUZ | C71: 4 | D71: 0 | E71: 4 | F71: 2749.5 | G71: 404.56 | H71: 1 | I71: 0 | J71: =I71-C71 -> -4 | K71: =J71/C71 -> -1
A72: CRN-BA-12860 | B72: MARIANA UCHOA COSTA | C72: 4 | D72: 3 | E72: 1 | F72: 316 | G72: 49.49 | H72: 0.25 | I72: 0 | J72: =I72-C72 -> -4 | K72: =J72/C72 -> -1
A73: CRM-ES-14316 | B73: MAYARA RAMOS NOGUEIRA | C73: 4 | D73: 3 | E73: 1 | F73: 140.4 | G73: 26.14 | H73: 0.25 | I73: 0 | J73: =I73-C73 -> -4 | K73: =J73/C73 -> -1
A74: CRM-BA-27161 | B74: MILENA CRISTINA LOPES AL | C74: 4 | D74: 0 | E74: 4 | F74: 333.5 | G74: 27.19 | H74: 1 | I74: =VLOOKUP(B74,'SET-26'!B$2:H$174,2,FALSE) -> 2 | J74: =I74-C74 -> -2 | K74: =J74/C74 -> -0.5
A75: CRM-BA-18035 | B75: MURILO CUNHA RAFAEL DOS | C75: 4 | D75: 2 | E75: 2 | F75: 321 | G75: 58.71 | H75: 0.5 | I75: 0 | J75: =I75-C75 -> -4 | K75: =J75/C75 -> -1
A76: CRM-BA-19176 | B76: NAJLA GODOY DOUEIDAR | C76: 4 | D76: 0 | E76: 4 | F76: 488 | G76: 54.64 | H76: 1 | I76: 0 | J76: =I76-C76 -> -4 | K76: =J76/C76 -> -1
A77: CRM-BA-21783 | B77: RAFAEL GOMES ANDRADE | C77: 4 | D77: 1 | E77: 3 | F77: 564 | G77: 85.79 | H77: 0.75 | I77: 0 | J77: =I77-C77 -> -4 | K77: =J77/C77 -> -1
A78: CRM-BA-6019 | B78: RAIMUNDO WASHINGTON DOS | C78: 4 | D78: 0 | E78: 4 | F78: 507.5 | G78: 60.3 | H78: 1 | I78: 0 | J78: =I78-C78 -> -4 | K78: =J78/C78 -> -1
A79: CRM-BA-10905 | B79: RITA DE CASSIA ARAUJO MA | C79: 4 | D79: 2 | E79: 2 | F79: 693.5 | G79: 108.45 | H79: 0.5 | I79: =VLOOKUP(B79,'SET-26'!B$2:H$174,2,FALSE) -> 5 | J79: =I79-C79 -> 1 | K79: =J79/C79 -> 0.25
A80: CRM-BA-3448 | B80: ROLEMBERG MONTEIRO DA SI | C80: 4 | D80: 0 | E80: 4 | F80: 466.5 | G80: 51.49 | H80: 1 | I80: =VLOOKUP(B80,'SET-26'!B$2:H$174,2,FALSE) -> 24 | J80: =I80-C80 -> 20 | K80: =J80/C80 -> 5
A81: CRM-BA-8199 | B81: SIMONE BORGES MACHADO | C81: 4 | D81: 3 | E81: 1 | F81: 145.5 | G81: 20.53 | H81: 0.25 | I81: 0 | J81: =I81-C81 -> -4 | K81: =J81/C81 -> -1
A82: CRM-BA-31653 | B82: SOFIA LAFETA PINTO SANTO | C82: 4 | D82: 0 | E82: 4 | F82: 784.5 | G82: 92.37 | H82: 1 | I82: 0 | J82: =I82-C82 -> -4 | K82: =J82/C82 -> -1
A83: CRBM-BA-6416 | B83: VILMEINE BEZERRA | C83: 4 | D83: 0 | E83: 4 | F83: 2412.5 | G83: 502.24 | H83: 1 | I83: 0 | J83: =I83-C83 -> -4 | K83: =J83/C83 -> -1
A84: CRM-BA-12355 | B84: ADRIANA FONSECA RACOBALD | C84: 3 | D84: 0 | E84: 3 | F84: 1081.5 | G84: 169.93 | H84: 1 | I84: 0 | J84: =I84-C84 -> -3 | K84: =J84/C84 -> -1
A85: CRM-BA-17284 | B85: ALBERTO SOUZA CORREIA FI | C85: 3 | D85: 0 | E85: 3 | F85: 1427 | G85: 280.39 | H85: 1 | I85: 0 | J85: =I85-C85 -> -3 | K85: =J85/C85 -> -1
A86: CRM-BA-16693 | B86: ANA PAULA SANTOS MACHADO | C86: 3 | D86: 1 | E86: 2 | F86: 310 | G86: 28.82 | H86: 0.6667 | I86: 0 | J86: =I86-C86 -> -3 | K86: =J86/C86 -> -1
A87: CRM-SP-160179 | B87: BRUNO MONTEZE SOARES | C87: 3 | D87: 0 | E87: 3 | F87: 446 | G87: 54.48 | H87: 1 | I87: 0 | J87: =I87-C87 -> -3 | K87: =J87/C87 -> -1
A88: CRM-BA-24116 | B88: CAROLINA ALMEIDA | C88: 3 | D88: 2 | E88: 1 | F88: 74 | G88: 6.76 | H88: 0.3333 | I88: 0 | J88: =I88-C88 -> -3 | K88: =J88/C88 -> -1
A89: CRM-BA-13209 | B89: CINATH CARQUEIJA ALMEIDA | C89: 3 | D89: 0 | E89: 3 | F89: 275 | G89: 23.62 | H89: 1 | I89: 0 | J89: =I89-C89 -> -3 | K89: =J89/C89 -> -1
A90: CRM-BA-19576 | B90: ERIKA DE ALMEIDA CARDOSO | C90: 3 | D90: 0 | E90: 3 | F90: 2226.5 | G90: 589.58 | H90: 1 | I90: =VLOOKUP(B90,'SET-26'!B$2:H$174,2,FALSE) -> 2 | J90: =I90-C90 -> -1 | K90: =J90/C90 -> -0.33333333
A91: CRM-BA-20375 | B91: FABIOLA C. DA S. FRAGA | C91: 3 | D91: 0 | E91: 3 | F91: 479 | G91: 64.9 | H91: 1 | I91: 0 | J91: =I91-C91 -> -3 | K91: =J91/C91 -> -1
A92: CRM-BA-20067 | B92: JOANA ANGELICA DA SILVA | C92: 3 | D92: 0 | E92: 3 | F92: 299.1 | G92: 25.05 | H92: 1 | I92: 0 | J92: =I92-C92 -> -3 | K92: =J92/C92 -> -1
A93: CRM-BA-8917 | B93: JORGE AVELAR DE OLIVEIRA | C93: 3 | D93: 0 | E93: 3 | F93: 507.5 | G93: 77.45 | H93: 1 | I93: 0 | J93: =I93-C93 -> -3 | K93: =J93/C93 -> -1
A94: CRN-BA-5794 | B94: LAIS CARVALHO DA FONSECA | C94: 3 | D94: 0 | E94: 3 | F94: 376.5 | G94: 41.57 | H94: 1 | I94: 0 | J94: =I94-C94 -> -3 | K94: =J94/C94 -> -1
A95: CRM-BA-45376 | B95: LARA STEFHANY | C95: 3 | D95: 1 | E95: 2 | F95: 1029 | G95: 288.44 | H95: 0.6667 | I95: =VLOOKUP(B95,'SET-26'!B$2:H$174,2,FALSE) -> 6 | J95: =I95-C95 -> 3 | K95: =J95/C95 -> 1
A96: CRM-BA-30137 | B96: MARA MARTA DE ANDRADE | C96: 3 | D96: 0 | E96: 3 | F96: 495.5 | G96: 65.54 | H96: 1 | I96: 0 | J96: =I96-C96 -> -3 | K96: =J96/C96 -> -1
A97: CRN-BA-1641 | B97: MARIA RISOMAR DE LIMA BR | C97: 3 | D97: 1 | E97: 2 | F97: 914 | G97: 135.17 | H97: 0.6667 | I97: =VLOOKUP(B97,'SET-26'!B$2:H$174,2,FALSE) -> 1 | J97: =I97-C97 -> -2 | K97: =J97/C97 -> -0.66666667
A98: CRN-BA-6562 | B98: REBECA GOMES CAETITE | C98: 3 | D98: 0 | E98: 3 | F98: 827 | G98: 205.28 | H98: 1 | I98: 0 | J98: =I98-C98 -> -3 | K98: =J98/C98 -> -1
A99: CRN-BA-9081 | B99: SCARLATI BRENDA DOURADO | C99: 3 | D99: 2 | E99: 1 | F99: 453.5 | G99: 77.86 | H99: 0.3333 | I99: 0 | J99: =I99-C99 -> -3 | K99: =J99/C99 -> -1
A100: CRM-BA-29694 | B100: WASHINGTON GALINDO | C100: 3 | D100: 0 | E100: 3 | F100: 319.5 | G100: 35.4 | H100: 1 | I100: 0 | J100: =I100-C100 -> -3 | K100: =J100/C100 -> -1
...

Sheet SET-26
A1: ³PF/UF/CRM | B1: NOME DO MEDICO E | C1: FETU | D1: APROV | E1: REJEI | F1: VL.REJ.VENDA | G1: VL.REJ.CUSTO | H1: INDICE³
A2: CRF-BA-21266 | B2: ARTHUR SILVA BOMFIM | C2: 241 | D2: 115 | E2: 126 | F2: 25681.9 | G2: 5845.37 | H2: 0.5228
A3: CRM-BA-808080 | B3: SOLICITACAO SEM PRESCRIT | C3: 179 | D3: 56 | E3: 123 | F3: 20363.66 | G3: 3682.53 | H3: 0.6872 | M3: 108 MEDICOS 100% REJ
A4: CRM-BA-32587 | B4: BRENO SOUZA SILVA | C4: 147 | D4: 100 | E4: 47 | F4: 12960.26 | G4: 3322.13 | H4: 0.3197
A5: CRM-BA-22820 | B5: LORENA DE LIMA ABUDE SIL | C5: 141 | D5: 86 | E5: 55 | F5: 12718.05 | G5: 2811.99 | H5: 0.3901
A6: CRM-BA-17611 | B6: NILZA SANTIAGO GRANATO | C6: 116 | D6: 47 | E6: 69 | F6: 12028.4 | G6: 2437.21 | H6: 0.5948
A7: CRN-BA-10686 | B7: JOSE LUIZ CARDOSO ROCHA | C7: 76 | D7: 33 | E7: 43 | F7: 6698.8 | G7: 1495.54 | H7: 0.5658
A8: CRM-BA-28850 | B8: ALLYSON AMARAL | C8: 67 | D8: 39 | E8: 28 | F8: 10841.82 | G8: 2791.14 | H8: 0.4179
A9: CRN-BA-8266 | B9: JONATAS RODRIGUES DE SAN | C9: 58 | D9: 41 | E9: 17 | F9: 4609.2 | G9: 1183.16 | H9: 0.2931
A10: CRM-BA-13956 | B10: RENATA SANTANA ALBANO OL | C10: 50 | D10: 38 | E10: 12 | F10: 1889.44 | G10: 311.7 | H10: 0.24
A11: CRM-BA-28008 | B11: RAISA MENDEZ DE ARAUJO | C11: 47 | D11: 29 | E11: 18 | F11: 3722.55 | G11: 901.29 | H11: 0.383
A12: CRM-BA-27500 | B12: CAMILA PORTO OLIVEIRA | C12: 28 | D12: 21 | E12: 7 | F12: 1330.67 | G12: 232.06 | H12: 0.25
A13: CRM-BA-3448 | B13: ROLEMBERG MONTEIRO DA SI | C13: 24 | D13: 1 | E13: 23 | F13: 3735.2 | G13: 652.65 | H13: 0.9583
A14: CRM-BA-27714 | B14: PAULO OLIVEIRA SANTANA F | C14: 23 | D14: 22 | E14: 1 | F14: 183.75 | G14: 43.2 | H14: 0.0435
A15: CRM-BA-27489 | B15: VICTOR EDUARDO ANDRADE M | C15: 19 | D15: 14 | E15: 5 | F15: 822.79 | G15: 148.2 | H15: 0.2632
... A20: CRM-BA-11546 | B20: SIMONE DANTAS REBOUCAS | C20: 12 | D20: 4 | E20: 8 | F20: 1174.67 | G20: 181.94 | H20: 0.6667
A21: CRM-BA-43397 | B21: VICTORIA E€A DE BRITO | C21: 12 | D21: 11 | E21: 1 | F21: 429.5 | G21: 119.65 | H21: 0.0833 | M21: CRN-BA-8262 | N21: NATALIA LIMA AMARAL | O21: 634 | P21: 590 | Q21: 44 | R21: 9726.39 | S21: 1418.22 | T21: 0.0694
A22: CRM-BA-19575 | B22: VALTER SILVA CARDOSO FIL | C22: 11 | D22: 2 | E22: 9 | F22: 3064 | G22: 729.64 | H22: 0.8182
A23: CRBM-BA-16403 | B23: EURY R. R. JUNIOR | C23: 10 | D23: 0 | E23: 10 | F23: 2500.13 | G23: 506.86 | H23: 1
A24: CRM-BA-8222 | B24: DENISE MENESES FERREIRA | C24: 10 | D24: 0 | E24: 10 | F24: 2214.06 | G24: 351.99 | H24: 1
A25: CRM-RJ-12325442 | B25: BRUNO CARVALHO TEMOTEO | C25: 9 | D25: 0 | E25: 9 | F25: 2135 | G25: 321.83 | H25: 1
A26: CRN-BA-8861 | B26: QUERCIANE GONCALVES FREI | C26: 9 | D26: 0 | E26: 9 | F26: 1838.77 | G26: 388.98 | H26: 1
A27: CRF-BA-4839 | B27: BRUNO ANDRADE AMARAL | C27: 9 | D27: 1 | E27: 8 | F27: 1639.65 | G27: 356.95 | H27: 0.8889 | N27: efet | O27: aprov
A28: CRM-BA-24876 | B28: NEY FILHO | C28: 9 | D28: 2 | E28: 7 | F28: 1183.84 | G28: 232.39 | H28: 0.7778 | N28: =SUM(C2:C174) -> 1786 | O28: =SUM(D2:D174) -> 779
A29: CRM-BA-19717 | B29: GIOVANI DE SA ALMEIDA | C29: 9 | D29: 5 | E29: 4 | F29: 859.34 | G29: 173.21 | H29: 0.4444 | O29: =O28/N28 -> 0.43617021
A30: CRM-BA-13722 | B30: CHRISTINE PINTO ROSA | C30: 9 | D30: 6 | E30: 3 | F30: 433.5 | G30: 68.83 | H30: 0.3333
A31: CRN-BA-4260 | B31: JENIFFER PRATES FONSECA | C31: 8 | D31: 0 | E31: 8 | F31: 1354.35 | G31: 265.47 | H31: 1
A32: CRN-BA-8299 | B32: SANDRA COSTA DA SILVA ME | C32: 8 | D32: 4 | E32: 4 | F32: 356.5 | G32: 26.21 | H32: 0.5 | N32: 2420 | O32: 1369
A33: CRM-BA-22798 | B33: JULIANA PACHECO PITANGA | C33: 8 | D33: 5 | E33: 3 | F33: 549.87 | G33: 94.91 | H33: 0.375 | N33: =N28+O21 -> 2420 | O33: =O28+P21 -> 1369
A34: CRM-BA-27370 | B34: CAROLINA MARINHO | C34: 7 | D34: 0 | E34: 7 | F34: 1027.57 | G34: 213.41 | H34: 1
A35: CRM-BA-48299 | B35: LAYSA FORTUNA DE OLIVEIR | C35: 7 | D35: 0 | E35: 7 | F35: 961.25 | G35: 150.41 | H35: 1
A36: CRM-SP-193189 | B36: HELEN SUZANY PEREIRA MAG | C36: 7 | D36: 0 | E36: 7 | F36: 1192.1 | G36: 202.53 | H36: 1 | N36: 2663 | O36: 1612
A37: CRN-BA-22541 | B37: KILIANA CAMPOS TRINTADE | C37: 7 | D37: 0 | E37: 7 | F37: 1802.5 | G37: 363.03 | H37: 1 | N37: =N36-O21 -> 2029 | O37: =O36-P21 -> 1022
A38: CRM-BA-30418 | B38: CAROL AMPARO | C38: 7 | D38: 1 | E38: 6 | F38: 1608.21 | G38: 406.35 | H38: 0.8571 | O38: =O37/N37 -> 0.5036964
A39: CRM-BA-32108 | B39: FELIPE BUTE BONFIM | C39: 7 | D39: 1 | E39: 6 | F39: 774.17 | G39: 121.97 | H39: 0.8571
A40: CRM-BA-35823 | B40: ISABELLA DORIA NOVAIS | C40: 6 | D40: 0 | E40: 6 | F40: 771.95 | G40: 91.49 | H40: 1
A41: CRN-BA-11770 | B41: MARIANA DOS REIS | C41: 6 | D41: 0 | E41: 6 | F41: 712.5 | G41: 100.85 | H41: 1
A42: CRN-BA-25494 | B42: LEONARDO OLIVEIRA | C42: 6 | D42: 0 | E42: 6 | F42: 841.8 | G42: 99.37 | H42: 1
A43: CRM-BA-45358 | B43: JULIANNE LINO DE MENEZES | C43: 6 | D43: 1 | E43: 5 | F43: 973.89 | G43: 193.03 | H43: 0.8333
A44: CRM-BA-45376 | B44: LARA STEFHANY | C44: 6 | D44: 1 | E44: 5 | F44: 1185.89 | G44: 230.55 | H44: 0.8333
A45: CRN-BA-81562 | B45: ANA CAROLINA SA PRADO DE | C45: 6 | D45: 2 | E45: 4 | F45: 600.08 | G45: 90.53 | H45: 0.6667
A46: CRM-BA-22959 | B46: MARIA FIGUEIREDO ALMEIDA | C46: 6 | D46: 3 | E46: 3 | F46: 637.75 | G46: 176.4 | H46: 0.5
A47: CRN-BA-7913 | B47: DIEGO DE JESUS MAURICIO | C47: 6 | D47: 4 | E47: 2 | F47: 652.4 | G47: 218.6 | H47: 0.3333
A48: CRM-BA-14066 | B48: ERICO DA SILVA CARVALHO | C48: 6 | D48: 5 | E48: 1 | F48: 345.95 | G48: 98.12 | H48: 0.1667
A49: CRM-BA-14684 | B49: MARCELO BONANZA MACHADO | C49: 5 | D49: 0 | E49: 5 | F49: 1375.43 | G49: 267.91 | H49: 1
A50: CRM-BA-17259 | B50: TARCYO ANTONIO SILVA BON | C50: 5 | D50: 0 | E50: 5 | F50: 606.55 | G50: 72.95 | H50: 1
... A174: CRO-SP-138460 | B174: ISABELLA ARAUJO DE ALMEI | C174: 1 | D174: 0 | E174: 1 | F174: 172.12 | G174: 23.42 | H174: 1
